,Bib,Name,Tier,Club,Run1,Run2,Best_Time,Points
96,120,HannahKilmerChoi,13,Will Carter,40.37,39.19,39.19,8.0
98,122,KevinKilmerChoi,13,Adam Grossman,42.74,9999.0,42.74,7.0
99,123,BernardOegema,13,Don French ,42.98,43.59,42.98,6.0
93,116,MelanieLeistnerLavoie,13,Mike McTaggart,43.97,44.28,43.97,5.0
12,,,13,Joanna Perreault,,,,4.5
10,119,JennaLivingston,13,Stephanie Coward,45.51,44.81,44.81,4.0
11,121,GrahamRamshaw,13,Graham Ramshaw ,44.85,50.82,44.85,3.0
94,117,KylaTaylor,13,Mitch Perreault,9998.0,58.04,58.04,2.0
11,109,MackenzieHamilton,12,Joanna Perreault,43.18,43.12,43.12,8.0
91,114,SachaFiand,12,Mitch Perreault,43.99,45.19,43.99,7.0
88,110,RobertMilthorpe,12,Don French ,45.51,47.54,45.51,6.0
10,111,SheriRamshaw,12,Graham Ramshaw ,50.38,49.19,49.19,5.0
12,,,12,Stephanie Coward,,,,4.5
90,112,DarcyMcDonald,12,Adam Grossman,9999.0,50.12,50.12,4.0
92,115,LindaLeistner,12,Will Carter,54.74,9999.0,54.74,3.0
86,108,DanielSimmonsStubbs,12,Mike McTaggart,9999.0,9999.0,9999.0,0.0
79,101,JoelFarber,11,Will Carter,39.23,38.54,38.54,8.0
85,107,TerenceWoodside,11,Mike McTaggart,45.83,45.72,45.72,7.0
9,103,MarkSandell,11,Graham Ramshaw ,48.53,9999.0,48.53,6.0
10,102,SarahLedwidge,11,Joanna Perreault,49.42,53.88,49.42,5.0
11,,,11,Stephanie Coward,,,,4.5
82,104,SteveCrawford,11,Don French ,50.92,50.86,50.86,4.0
84,106,DenaSilverberg,11,Adam Grossman,52.96,53.44,52.96,3.0
83,105,ElaineKilmerChoi,11,Mitch Perreault,54.33,9999.0,54.33,2.0
75,78,MikeMcTaggart,10,Mike McTaggart,23.62,23.69,23.62,8.0
72,75,NicholasBalan,10,Don French ,23.89,23.82,23.82,7.0
74,77,BrandonHune,10,Mitch Perreault,24.38,24.09,24.09,6.0
9,79,ThomasDaly,10,Joanna Perreault,24.09,9998.0,24.09,5.0
77,80,WillStewart,10,Adam Grossman,24.19,24.11,24.11,4.0
8,74,GrahamRamshaw,10,Graham Ramshaw ,24.34,24.54,24.34,3.0
9,81,LauraCoward,10,Stephanie Coward,25.36,25.4,25.36,2.0
73,76,McleanWood,10,Will Carter,9999.0,9999.0,9999.0,0.0
66,69,WilliamCartar,9,Will Carter,24.27,23.98,23.98,8.0
8,73,StephanieCoward,9,Stephanie Coward,24.61,24.81,24.61,7.0
7,67,JasonPark,9,Graham Ramshaw ,25.55,9999.0,25.55,6.0
69,72,KennethStoneham,9,Mike McTaggart,25.89,26.16,25.89,5.0
8,68,PeterMoorhead,9,Joanna Perreault,26.36,26.18,26.18,4.0
67,70,ShaneHambly,9,Mitch Perreault,26.92,27.13,26.92,3.0
68,71,NeilHubley,9,Don French ,9999.0,9999.0,9999.0,0.0
63,66,JeffCox,9,Adam Grossman,9999.0,9999.0,9999.0,0.0
6,64,DavidGarber,8,Graham Ramshaw ,25.72,26.33,25.72,8.0
7,58,RobertSmejkal,8,Joanna Perreault,26.23,25.77,25.77,7.0
61,63,BrookHamilton,8,Adam Grossman,26.43,25.96,25.96,6.0
57,59,SeanCotnam,8,Will Carter,26.09,25.98,25.98,5.0
58,60,RobertHawtin,8,Mike McTaggart,26.4,26.25,26.25,4.0
59,61,BradBrock,8,Don French ,26.56,26.48,26.48,3.0
55,57,VaylenPetrella,8,Mitch Perreault,26.84,26.78,26.78,2.0
7,62,JohnGlover,8,Stephanie Coward,27.93,27.86,27.86,1.0
50,52,DonFrench,7,Don French ,26.46,27.6,26.46,8.0
6,55,MarkLaurie,7,Stephanie Coward,26.49,26.81,26.49,7.0
51,53,GillianCartar,7,Mike McTaggart,27.26,27.36,27.26,6.0
5,49,MelanieLeistnerLavoie,7,Graham Ramshaw ,27.52,28.11,27.52,5.0
49,51,KevinBeattie,7,Mitch Perreault,28.2,27.65,27.65,4.0
52,54,PeterDaly,7,Will Carter,28.11,28.55,28.11,3.0
6,56,JoannaPerreault,7,Joanna Perreault,9999.0,9999.0,9999.0,0.0
48,50,AdamGrossman,7,Adam Grossman,9999.0,9999.0,9999.0,0.0
40,42,RobReid,6,Mike McTaggart,27.62,26.95,26.95,8.0
44,46,CraigPitman,6,Adam Grossman,27.04,26.97,26.97,7.0
45,47,KevinKilmerChoi,6,Will Carter,28.23,27.02,27.02,6.0
5,48,HughMcCormick,6,Stephanie Coward,28.0,27.53,27.53,5.0
4,43,LauraLibby,6,Graham Ramshaw ,28.43,27.84,27.84,4.0
42,44,ToddRobertson,6,Don French ,29.4,9998.0,29.4,3.0
39,41,LindaLeistner,6,Mitch Perreault,30.82,30.52,30.52,2.0
5,45,ChrisReid,6,Joanna Perreault,9999.0,9999.0,9999.0,0.0
33,35,JamieHaggart,5,Will Carter,25.71,25.69,25.69,8.0
35,37,DavidEva,5,Don French ,27.98,27.73,27.73,7.0
38,40,EarlDuffy,5,Adam Grossman,29.16,9998.0,29.16,6.0
34,36,LisaBugler,5,Mike McTaggart,29.63,29.34,29.34,5.0
36,38,SheriRamshaw,5,Mitch Perreault,29.44,30.47,29.44,4.0
4,39,StephenLewis,5,Joanna Perreault,29.8,29.52,29.52,3.0
4,34,JocelynFrench,5,Stephanie Coward,30.55,32.22,30.55,2.0
3,33,ToriAbbott,5,Graham Ramshaw ,32.37,31.86,31.86,1.0
3,29,JoshErlick,4,Joanna Perreault,27.77,27.59,27.59,8.0
23,25,KevinMcLoughlin,4,Don French ,28.92,28.56,28.56,7.0
26,28,TusharMehta,4,Will Carter,29.34,28.96,28.96,6.0
2,27,StevenBollinger,4,Graham Ramshaw ,29.51,29.99,29.51,5.0
28,30,MitchPerreault,4,Mitch Perreault,29.59,29.82,29.59,4.0
30,32,JosephBellissimo,4,Mike McTaggart,29.71,30.19,29.71,3.0
3,31,TonyPetrella,4,Stephanie Coward,32.05,32.43,32.05,2.0
24,26,LeonardDrimmer,4,Adam Grossman,9999.0,9999.0,9999.0,0.0
17,19,NicholasArgiros,3,Mike McTaggart,28.64,28.59,28.59,8.0
22,24,AudunBredur,3,Will Carter,28.68,29.69,28.68,7.0
16,18,GilNayot,3,Don French ,29.06,29.49,29.06,6.0
2,17,MarkSandell,3,Stephanie Coward,30.89,31.72,30.89,5.0
1,20,RachelMegitt,3,Graham Ramshaw ,32.69,32.91,32.69,4.0
2,23,TroyHarrison,3,Joanna Perreault,9998.0,33.76,33.76,3.0
19,21,EricaReid,3,Adam Grossman,36.72,36.19,36.19,2.0
20,22,RichardFridman,3,Mitch Perreault,9999.0,9999.0,9999.0,0.0
8,10,BrentNorrey,2,Mike McTaggart,29.93,9999.0,29.93,8.0
14,16,ZefuDai,2,Adam Grossman,30.18,30.92,30.18,7.0
11,13,KevinBrown,2,Mitch Perreault,31.36,9999.0,31.36,6.0
1,15,PeterLivingston,2,Joanna Perreault,31.85,32.9,31.85,5.0
7,9,BernardOegema,2,Don French ,33.61,9999.0,33.61,4.0
9,11,SarahLalonde,2,Will Carter,34.59,35.17,34.59,3.0
1,14,AlexHenry,2,Stephanie Coward,34.64,36.52,34.64,2.0
0,12,ShannaReid,2,Graham Ramshaw ,36.38,9999.0,36.38,1.0
3,5,DavidRosenblatt,1,Mike McTaggart,29.13,28.4,28.4,8.0
0,7,EricRosen,1,Joanna Perreault,30.23,31.02,30.23,7.0
1,2,MauriceCacho,1,Will Carter,31.35,30.41,30.41,6.0
0,4,JustinRosenberg,1,Stephanie Coward,31.8,31.42,31.42,5.0
12,,,1,Graham Ramshaw ,,,,4.5
6,8,JonathanAmbeault,1,Adam Grossman,32.57,31.69,31.69,4.0
4,6,AdamSzakacs,1,Don French ,34.23,34.11,34.11,3.0
0,1,JenniferHsiung,1,Mitch Perreault,39.63,35.94,35.94,2.0
